{"distinct": [[{"description": "tune tools for ipod lets you ove your songs from your ipod to another machine. you love your ipod but have you discovered that you can't move your songs from your ipod to another authorized computer? now with tune transfer you can!", "title": "tune tools for ipod (win/mac)", "price": "19.99", "source": "amazon", "id": "b000emcays", "manufacturer": "valusoft"}, {"description": "ultimate puzzle collection includes four full version puzzle games for your pc. from easy to challenging for even the most seasoned puzzle players. enjoyed by all ages and it will keep you entertained for hours. includes super collapse! atlantis coral quest crystalize! and soda pipes.", "title": "ultimate puzzle games", "price": "19.99", "source": "amazon", "id": "b000bb6f5m", "manufacturer": "valusoft"}], [{"description": "professional and impressive!imprinted with your business name and address!guaranteed compatible with your quickbooks(r) and quickbooks for windows(r) software.neat and clean. no carbon to touch. runs easily and smoothly through your printer without ...", "title": "quickbooks(r)", "price": "199.99", "source": "google", "id": "http://www.google.com/base/feeds/snippets/853916365944801473", "manufacturer": ""}, {"description": "quickbooks point-of-sale basic 6.0 retail management software turns any pc into a cash register that does what no ordinary cash register can do: it automatically tracks your inventory and customers while you ring up sales. it's a high-powered retail-management system that tracks inventory sales and customer information to help save you time and better serve your customers. track inventory automatically as you ring up sales. view larger. see each customer's purchase history as you ring up sales and suggest additional purchases based on past preferences. view larger. answer a few questions in the simple setup wizard import your inventory customer and vendor lists from microsoft excel or quickbooks financial software and you're ready to start ringing up sales. view larger. transfer key information directly into quickbooks financial software with one click. view larger. create customized reports that help you make better purchasing decisions. view larger. track inventory automatically as you ring up sales see what's selling when it's selling what needs restocking and more. best of all you can eliminate manual inventory. record each shipment of merchandise you receive and point-of-sale will automatically adjust inventory figures with each sale or return so you can keep the items your customers want on-hand without overstocking. improve cash flow by purchasing the right merchandise in the right quantities at the right time you'll greatly improve your cash flow. see inventory levels for each item as you ring it up. run reports with one click that show what you've got what's hot and what you need to reorder. simplify your closing procedures new to pos 6.0 you can now easily view quantity on-hand and inventory valuation for any historical date you choose. ring up sales faster scan bar codes or type a few keystrokes to accurately add items to sales receipts (bar-code reader sold separately). process credit and debit card transactions and collect tips as you ring up sales. with point-of-sale you can create bar-coded tags for everything you sell ensuring that you ring up the correct item and price--and keep your inventory up to date. authorize credit card and debit card purchases you can authorize credit card and pin-secured debit card purchases automatically--and collect tips on credit payments--as you ring up sales. all you need is a credit-card reader (sold separately) quickbooks point-of-sale and a quickbooks pos merchant service account (for details visit www.quickbooksmerchantservice.com). provide great customer service see each customer's purchase history as you ring up sales and suggest additional purchases based on past preferences. you can also sell and redeem gift cards (for details visit www.quickbooksmerchantservice.com). by tracking your customers' e-mail and shipping addresses you have what you need to let them know about upcoming sales or new inventory from their preferred manufacturers. scan bar codes or type a few keystrokes to add items accurately to sales receipts. view larger. start fast and get help when you need it quickbooks point-of-sale is so easy to set up that many retailers start ringing up sales the first day. just answer a few questions in the software's simple setup wizard import your inventory customer and vendor lists from microsoft excel or quickbooks financial software and you're ready to go. you even get free phone support for 30 days after registration. the first time you connect quickbooks point-of-sale to quickbooks financial software the quickbooks connection wizard walks you through setting everything up correctly. when the two programs are connected you can transfer inventory and sales data from your store to your back office with the click of a button. compatible with other applications import all of your customers vendors and inventory items in one quick step from quickbooks financial software or microsoft excel. save hours of typing each entry by hand. (microsoft word and excel integration requires word and excel 2000 2002 or 2003; outlook synchronization requires outlook 2000 2002 or 2003; all are sold separately. synchronization with outlook is also possible using quickbooks customer manager sold separately.) save hours on bookkeeping transfer sales and customer information employee timesheets sales receipts receiving vouchers and other key information directly into quickbooks financial software with one click. or use quickbooks point-of-sale all by itself. have a question about a tricky transaction? go to the practice file to see how it's done. intuit loads this file with three months of sample data for an imaginary retailer. combine it with quickbooks team quickbooks point-of-sale with quickbooks financial software (sold separately) and you can save time and reduce the risk of errors when performing financial accounting tasks. quickbooks point-of-sale works with any quickbooks pro or premier edition (2004-2007) and quickbooks enterprise solutions (versions 4.0-7.0). when you use quickbooks point-of-sale with quickbooks financial software the two programs work together to handle your business end-to-end--from managing inventory and ringing up sales to tracking finances and running customized reports that help you make better buying decisions. need hardware? save time and hassles with quickbooks point-of-sale basic 6.0 retail management software/hardware (bundle) a guaranteed-compatible software/hardware combination that includes pos basic 6.0 bundled with a receipt printer a cash drawer a bar-code scanner and a credit-card reader. merchant services are optional. for details including a complete list of services and requirements visit www.quickbooksmerchantservice.com.", "title": "quickbooks point-of-sale basic 6.0", "price": "799.95", "source": "amazon", "id": "b000hbysc8", "manufacturer": "intuit"}], [{"description": "stand-alone real-time strategy game based on viking mythology description: stand-alone real-time strategy game based on viking mythology.game features:single player campaign with 8 missions including several sub missions. the exciting plots tells ...", "title": "freeverse software 4001 northland", "price": "19.99", "source": "google", "id": "http://www.google.com/base/feeds/snippets/10584509515076384561", "manufacturer": "freeverse software"}, {"description": "you are the doctor! emergency room code red legacy's latest interactive medical game combines the best of television drama and realistic gameplay in an unprecedented cd-rom experience. with all new cases and storylines emergency room code red extends the popular emergency room series and thought-provoking gameplay. as an er doctor in a community rife with riots and chaos you'll confront dramatic emergency cases use realistic medical tools and procedures and witness photo-realistic injuries. every decision is critical. emergency room code red is perfect for anyone with or without medical training who wants to know what it's really like to be a doctor. time triggers increase the pressure to perform critical procedures fast - after all this is an emergency room", "title": "er", "price": "19.99", "source": "amazon", "id": "b0002yitti", "manufacturer": "vivendi universal"}], [{"description": "our bestselling premium home design software with professional yet easy-to-use features! 17100 punch software", "title": "punch software 17100 punch! super home suite", "price": "45.99", "source": "google", "id": "http://www.google.com/base/feeds/snippets/8376577004489658408", "manufacturer": "punch software"}, {"description": "our bestselling premium home design software with professional yet easy-to-use features! punch! super home suite - 7 powerful programs in one that launch from the same interface! punch super suite includes: 3d home design 3d landscaping estimating ...", "title": "punch software 38100 punch! super home suite (small box)", "price": "45.99", "source": "google", "id": "http://www.google.com/base/feeds/snippets/10206096308013781162", "manufacturer": "punch software"}], [{"description": "architectural series 18 provides innovative new tools to unleash your design creativity. novice or pro punch! architectural series 18 has the tools and flexibility to have anyone designing a professional-looking home design quickly and easily. a ...", "title": "punch software 42100 punch! home design architectural series 18 (small box)", "price": "119.99", "source": "google", "id": "http://www.google.com/base/feeds/snippets/4886380100862625819", "manufacturer": "punch software"}, {"description": "architectural series 18 provides innovative new tools to unleash your design creativity. novice or pro punch! architectural series 18 has the tools and flexibility to have anyone designing a professional-looking home design quickly and easily. a ...", "title": "punch software 41100 punch! home design architectural series 18", "price": "118.99", "source": "google", "id": "http://www.google.com/base/feeds/snippets/13589207002001810856", "manufacturer": "punch software"}], [{"description": "with computrace lojack for laptops you'll be able to track a stolen laptop anywhere! every 53 seconds a laptop is stolen - this recovery service enables law enforcement to recover stolen laptops the minute thieves go online. you'll have information on your laptop's wherabouts as soon as it goes missing. protect your computer today with lojack for laptops.", "title": "computrace lojack for laptops: 3 year subscription", "price": "99.99", "source": "amazon", "id": "b000brczzk", "manufacturer": "absolute software"}, {"description": "with computrace lojack for laptops you'll be able to track a stolen laptop anywhere! every 53 seconds a laptop is stolen - this recovery service enables law enforcement to recover stolen laptops the minute thieves go online. you'll have information on your laptop's wherabouts as soon as it goes missing. protect your computer today with lojack for laptops.", "title": "computrace lojack for laptops: 1 year subscription", "price": "49.99", "source": "amazon", "id": "b000brm3xe", "manufacturer": "absolute software"}], [{"description": "software", "title": "software", "price": "112.95", "source": "google", "id": "http://www.google.com/base/feeds/snippets/16238462345714207225", "manufacturer": ""}, {"description": "ecost.com: sony creative software vegas+dvd production suite v.7.0 - complete product - multimedia - 1 user - complete productstandard - pc from the graphics & development software department", "title": "sony creative software vegas43;dvd production suite v.7.0 complete product", "price": "262.82", "source": "google", "id": "http://www.google.com/base/feeds/snippets/18209861192366445531", "manufacturer": ""}], [{"description": "studio case 2 - music production system with cubase se3 with 6 vst instruments for mac os x and windows xp - educational discount steinberg's studio case 2 is a complete music producers' software collection that fulfills the goal of designing a ...", "title": "steinberg studio case 2 music production system - educational discount music production software", "price": "164.95", "source": "google", "id": "http://www.google.com/base/feeds/snippets/15495091566542937158", "manufacturer": ""}, {"description": "choose from book and laser styles.guaranteed acceptable for bank processing. both styles are printed with your account information.carbonless deposit books are 7 7/8in. x 3 3/8in.lines for 23 check listings on each slip.1-part pack contains two ...", "title": "deposit slips", "price": "23.79", "source": "google", "id": "http://www.google.com/base/feeds/snippets/4598157020454490419", "manufacturer": ""}], [{"description": "you are the doctor! emergency room code red legacy's latest interactive medical game combines the best of television drama and realistic gameplay in an unprecedented cd-rom experience. with all new cases and storylines emergency room code red extends the popular emergency room series and thought-provoking gameplay. as an er doctor in a community rife with riots and chaos you'll confront dramatic emergency cases use realistic medical tools and procedures and witness photo-realistic injuries. every decision is critical. emergency room code red is perfect for anyone with or without medical training who wants to know what it's really like to be a doctor. time triggers increase the pressure to perform critical procedures fast - after all this is an emergency room", "title": "er", "price": "19.99", "source": "amazon", "id": "b0002yitti", "manufacturer": "vivendi universal"}, {"description": "intuit 299530 : usually ships in 24 hours : in stock : nonprofit edition gives you standard accounting features plus easy tools for nonprofits to demonstrate financial accountability to your board of directors.", "title": "299530 quickbooks premier nonprofit edition 2007 - complete package - 1 user - cd - win", "price": "344.58", "source": "google", "id": "http://www.google.com/base/feeds/snippets/13414577819598574764", "manufacturer": ""}], [{"description": "enter the wild rough and tumble world of westward where adventure and untold fortunes await you. explore a huge playing environment and move up to 20 different levels. use quick wits to complete tasks like building homes farms water wells and more to keep your settlers fed housed and employed. if they don't like their situation your settlers will go elsewhere and your town will collapse! look for gold mines watch out for theivin' bandits and engage in dramatic shoot-outs. control the destiny of the west as you build thriving towns explore uncharted plains and guide your settlers to safety and success. features: more than 10 playable main characters customize your town and support an ever-expanding population buy sell and trade a variety of resources evolving and ever-changing scenarios provide many hours of playing fun", "title": "westward", "price": "19.99", "source": "amazon", "id": "b000o39qoo", "manufacturer": "encore software"}, {"description": "bethesda software 11980 : what s not to love about captain jack sparrow? play as jack sparrow will turner and elizabeth swann as you hack and slash your way through fully interactive environments including burning buildings wrecked ships and ...", "title": "bethesda software 11980 - pirates of the caribbean: legend of jack sparrow - win me nt 2000 xp", "price": "10.26", "source": "google", "id": "http://www.google.com/base/feeds/snippets/1797032345641288647", "manufacturer": ""}], [{"description": "groovemaker 2.5le - loop based live-remixing software with full midi control and 1 loop-cd - mac and windows groovemaker 2.5le from ik multimedia is software that allows the user to create hypnotic non-stop electronic dance tracks in real-time with ...", "title": "ik multimedia groovemaker le live-remixing liveremixing software music production software", "price": "29.99", "source": "google", "id": "http://www.google.com/base/feeds/snippets/14483698650009848252", "manufacturer": ""}, {"description": "a rich and intriguing adventure in a&nbsp; world where murders are committed according to ancestral mystic beliefs...where nothing will be the same again. product informationa frightening ritualistic murder has taken place in an upscale hotel", "title": "post mortem", "price": "29.99", "source": "amazon", "id": "b000088nqp", "manufacturer": "dreamcatcher interactive"}], [{"description": "punch software 17100 : the premium home design software solution that lets you view your ideas in ways no other software can. 7 powerful programs in one plus ultimate deck that launch from the same easy-to-use interface including our patented ...", "title": "punch software 17100 - punch! super home suite v.3.0 - complete product - architectural - 1 user - complete productcomplete productstandard - english - pc", "price": "45.97", "source": "google", "id": "http://www.google.com/base/feeds/snippets/4015258116571466944", "manufacturer": ""}, {"description": "", "title": "shapes", "price": "9.99", "source": "amazon", "id": "b00005bigp", "manufacturer": "school zone"}]], "match": [[{"description": "baron von schtopwatch is back in this all new adventure! using a cutting edge opengl engine a new arsenal including beam weapons spawning ground installations harsh robot ai and endless maps. wingnuts 2 takes you on a fantastic journey to over ...", "title": "freeverse software 010 wingnuts 2 - raina's revenge", "price": "23.95", "source": "google", "id": "http://www.google.com/base/feeds/snippets/12978712482004335346", "manufacturer": "freeverse software"}, {"description": "baron von schtopwatch is back in this all new adventure! using a cutting edge opengl engine a new arsenal including beam weapons spawning ground installations harsh robot ai and endless maps. wingnuts 2 takes you on a fantastic journey to over ...", "title": "freeverse software 010 wingnuts 2 - raina's revenge", "price": "23.95", "source": "google", "id": "http://www.google.com/base/feeds/snippets/10174922529198980140", "manufacturer": "freeverse software"}], [{"description": "in the noble tradition of axis & alliestm freeverse software unleashes an epic strategy board game that's so addicting it will leave you sleep deprived and socially inept! in the noble tradition of axis & alliestm freeverse software unleashes an ...", "title": "freeverse software 005 solace", "price": "18.99", "source": "google", "id": "http://www.google.com/base/feeds/snippets/13657143785989719452", "manufacturer": "freeverse software"}, {"description": "in the noble tradition of axis & alliestm freeverse software unleashes an epic strategy board game that's so addicting it will leave you sleep deprived and socially inept! in the noble tradition of axis & alliestm freeverse software unleashes an ...", "title": "freeverse software 005 solace", "price": "18.99", "source": "google", "id": "http://www.google.com/base/feeds/snippets/7436299398173390476", "manufacturer": "freeverse software"}], [{"description": "this new package is a set of exciting light planes that will give you ample room flexibility to not only learn but to master the skills needed by every private pilot. when starting out beginning pilots learn to fly the smaller single-engine ...", "title": "abacus software 5563 abacus 5563 - private pilot ii", "price": "28.99", "source": "google", "id": "http://www.google.com/base/feeds/snippets/3705616181324108255", "manufacturer": "abacus software"}, {"description": "this new package is a set of exciting light planes that will give you ample room flexibility to not only learn but to master the skills needed by every private pilot. when starting out beginning pilots learn to fly the smaller single-engine ...", "title": "abacus software 5563 abacus 5563 - private pilot ii", "price": "28.99", "source": "google", "id": "http://www.google.com/base/feeds/snippets/5382698131793140546", "manufacturer": "abacus software"}], [{"description": "as you already know our first military aircraft collector's edition is one of our finest collections and has sold very well for the national chains. as you already know our first military aircraft collector's edition is one of our finest ...", "title": "abacus software s552 fs fighter pilot for fs2004 and fs2002", "price": "28.99", "source": "google", "id": "http://www.google.com/base/feeds/snippets/11538958500164120645", "manufacturer": "abacus software"}, {"description": "as you already know our first military aircraft collector's edition is one of our finest collections and has sold very well for the national chains. as you already know our first military aircraft collector's edition is one of our finest ...", "title": "abacus software s552 fs fighter pilot for fs2004 and fs2002", "price": "28.99", "source": "google", "id": "http://www.google.com/base/feeds/snippets/17727329584333449458", "manufacturer": "abacus software"}], [{"description": "key features: live color live trace live paint advanced typography user's manual...", "title": "adobe illustrator cs3 (mac)", "price": "599", "source": "google", "id": "http://www.google.com/base/feeds/snippets/10834301366840736522", "manufacturer": ""}, {"description": "adobe illustrator cs3 software allows you to efficiently create sophisticated vector artwork for virtually any medium. access tools quickly and easily explore color variations and share files seamlessly between illustrator and other adobe professional applications as you prepare content for print web and interactive and mobile and motion designs. efficiently create sophisticated vector artwork for virtually any medium. explore new paths with the essential vector tool produce vector artwork for all types of media using adobe illustrator cs3. discover dynamic new ways to explore apply and control color variations; work faster with new drawing tools and controls; and increase your efficiency using new document profiles and the crop area tool. take your graphics to the printed page websites video mobile devices and virtually everywhere you want to go. see for yourself how illustrator cs3 lets you explore new paths. use powerful precise creative tools quickly explore multiple design options with the powerful precise creative features in illustrator cs3. industry-standard drawing tools new color controls and a wealth of powerful effects enable greater creative productivity and the ability to easily experiment. use new live color to explore color harmonies and interactively apply color to any selection of objects. work faster by controlling path editing and point alignment in the control panel. and enhance your artwork with professional typography and transparent effects. work quickly and intuitively efficiently execute your ideas in illustrator cs3. with easier access to tools and options flexible and customizable workspaces and a wealth of timesaving features and shortcuts you can speed through design and production tasks. the enhanced control panel frees up screen space and puts more options at your fingertips while new document profiles provide a launch pad for video and other designs. whatever your final output destination you can create your artwork quickly and easily in illustrator cs3. enjoy tight integration streamline your design workflows by moving easily between illustrator cs3 and other adobe applications. leverage robust integration with adobe flash software for your web animations and preview mobile artwork in adobe device central cs3. use your vector designs as the basis of dvd menus titles and visual effects by moving them easily between illustrator and adobe motion and effects applications. and create reliable adobe pdf files with multiple pages and layers intact for high-quality printed output. audience benefit graphic designers--adobe illustrator cs3 software lets you create compelling vector graphics that remain sharp as you scale edit and output them to virtually any medium. instantly convert bitmaps to vector artwork paint intuitively explore color variations design with advanced typographic control and easily find the tools you need. rely on industry-standard drawing tools and tight integration with adobe photoshop cs3 adobe flash cs3 professional adobe indesign cs3 and other favorite applications to quickly realize your ideas. web and interactive designers--adobe illustrator cs3 software gives you the power to create compelling interactive vector graphics for rich online experiences. tight integration with adobe photoshop cs3 and adobe flash cs3 professional software enables you to easily design layouts and comps using industry-standard creative tools and then smoothly move files between applications for efficient authoring workflows to produce vector graphics that look sharp remain editable and go virtually anywhere. motion graphics and visual effects designers--adobe illustrator cs3 software delivers the tools you need to produce innovative motion graphics and visual effects. integration with adobe after effects cs3 professional adobe premiere pro cs3 and adobe encore cs3 software means you can use small efficient vector files as the foundation for your designs and a wealth of industry-standard drawing tools let you explore creative possibilities with ease. whether you create dvd menus or music videos station identities or special effects illustrator cs3 is an affordable efficient and powerful post-production tool. new in adobe illustrator cs3 live color explore apply and control color variations using live color which lets you select any artwork and interactively edit the colors to see results immediately. use the color guide panel to quickly choose tints shades or harmonious color combinations. adobe flash integration import native adobe illustrator files into flash cs3 professional or copy and paste artwork from illustrator to flash with paths anchor points gradients clipping masks and symbols intact. layers groups and object names are also preserved. drawing tools and controls draw in illustrator more quickly and fluidly than ever. easier and more flexible anchor point selection improved operating performance and a new eraser tool help you create artwork efficiently and intuitively. improved operating performance enjoy more responsive drawing and editing with improved performance in key operations including faster screen redraw object moving panning scaling and transformations. control panel discover more options faster and free up screen space by accessing anchor point controls clipping masks envelope distortions and more from the context-sensitive control panel. eraser tool quickly remove areas of artwork with the eraser tool as easily as you erase pixels in photoshop and enjoy complete control over the width shape and smoothness of the erasure. new document profiles create artwork easily by selecting prebuilt profiles for various types of media and save custom profiles that specify such setup parameters as artboard dimensions styles and color spaces. crop area tool define crop areas interactively for print or export. choose preset web ratios or video formats with safe areas and set crop marks intuitively. define multiple crop areas and easily move between them as needed. isolation mode edit objects in a group without disturbing other parts of your artwork. easily select hard-to-find objects without having to restack lock or hide layers. symbols for flash use symbols to animate repeated objects while keeping file sizes small. define and name symbol object attributes and preserve these properties when you take the artwork to flash cs3 professional for further editing. additional features live trace quickly and accurately convert photos scans or other bitmap images to editable and scalable vector paths using live trace. integration with adobe design applications speed your way through graphic designs and print production thanks to tight integration with adobe photoshop indesign and acrobat software. live paint easily paint any closed or partially closed area of your artwork with the live paint bucket which automatically detects and corrects gaps and lets you interactively select colors from a swatch palette for faster work. advanced typography easily create and control type with over 100 opentype fonts paragraph and character styles paragraph composition underline and strikethrough transparent effects and more. custom workspaces work more efficiently using custom workspaces that display only the panels you need for a specific task. save share or access any workspace at any time or use workspace presets. adobe pdf file creation tools create native adobe pdf files including multipage pdf files so clients and others can easily review your artwork using adobe acrobat or free adobe reader software. web and interactive tools easily create for the web and mobile devices using vector-based slicing tools robust integration with flash new document profiles for web and mobile designs the capability to preview mobile content in adobe device central and more. new document profiles for web and mobile devices select profiles for web or mobile devices that include prebuilt proportional crops symbols and more. save custom profiles for your projects and clients. save for web/mobile easily export using the save for web/mobile dialog box which lets you choose from html swf gif and jpeg formats along with color count compression file size mobile output and more. adobe device central cs3 create rich graphic content for mobile devices by using adobe device central cs3 to open a specific new document profile and then preview output using the save for web/mobile dialog box. integration with adobe motion and effects tools use your adobe illustrator artwork in adobe after effects projects adobe premiere pro video productions and adobe encore projects to create dvd titles animations effects and more. live color for motion and effects use live color to explore apply and control color variations for effects. quickly change colors in your artwork and automatically see the update in adobe after effects or adobe premiere pro software. new document profiles for motion and effects select prebuilt profiles that include video color profiles pixel aspect ratios transparency grids and aperture settings. save profiles with custom parameters. crop area tool for motion and effectsuse the crop area tool to define working areas on your artboard that are specific to your video aperture complete with safe-area guides.", "title": "adobe illustrator cs3 [mac]", "price": "599", "source": "amazon", "id": "b000ndib8m", "manufacturer": "adobe"}], [{"description": "compatible with your laser or inkjet printer!guaranteed smooth processing through your laser or inkjet printer. designed to withstand high heat without curling. available in blue green tan or maroon.compatible with all versions of quicken and ...", "title": "quicken(r) quickbooks(r) microsoft money(r) and simply money(r) laser checks", "price": "88.99", "source": "google", "id": "http://www.google.com/base/feeds/snippets/13101727984218302289", "manufacturer": ""}, {"description": "compatible with your laser or inkjet printer!guaranteed smooth processing through your laser or inkjet printer. designed to withstand high heat without curling. available in blue green tan or maroon.compatible with all versions of quicken and ...", "title": "quicken(r) quickbooks(r) microsoft money(r) and simply money(r) laser checks", "price": "106.29", "source": "google", "id": "http://www.google.com/base/feeds/snippets/5067138423923723304", "manufacturer": ""}], [{"description": "for mac media format cd set up a hierarchy of main headings and subpoints that can be expanded & collapsed kick start your creativity thoughts and organize a collection of ideas into a cohesive plan 1.0 cd's in set", "title": "omnioutliner professional 3.0 for mac", "price": "69.99", "source": "google", "id": "http://www.google.com/base/feeds/snippets/18434616791723899127", "manufacturer": ""}, {"description": "", "title": "omnioutliner professional 3.0", "price": "69.95", "source": "amazon", "id": "b000in6u62", "manufacturer": "csdc"}], [{"description": "encore software 12361 : elementary school advantage 2008 was specially developed to supplement classroom curriculum by including award-winning content that support state testing standards. in-depth lessons with sample problems and questions teach ...", "title": "encore software 12361 - encore elementary advantage 2008 - training/wbt - pc", "price": "33.97", "source": "google", "id": "http://www.google.com/base/feeds/snippets/18204597739203681452", "manufacturer": ""}, {"description": "encore software 12371 : middle school advantage 2008 was specially developed to supplement classroom curriculum by including award-winning content that support state standards. in-depth lessons with sample problems and questions teach reinforce and ...", "title": "encore software 12371 - encore middle school advantage 2008 - training/wbt - pc", "price": "33.97", "source": "google", "id": "http://www.google.com/base/feeds/snippets/1872672479893334805", "manufacturer": ""}]]}